Field Name,Field ID,Crop,CO2 Total,CO2 Pest,N Fert,Fuel
1_#3,1_#3_2004,Winter wheat,2158.023921,180.4,1072.844889,70.62370169
1_#3,1_#3_2005,Other,1839.815256,61.5,961.342049,70.62370169
1_#3,1_#3_2006,Winter wheat,1722.530037,139.4,857.714654,66.87170169
1_#3,1_#3_2007,Winter wheat,1493.081683,139.4,738.0235799,66.87170169
1_#3,1_#3_2008,Barley,1799.328654,287,818.2836003,70.62370169
1_#3,1_#3_2009,Other,1970.449849,184.5,988.4456642,29.20322298
1_#3,1_#3_2010,Winter wheat,1555.525398,98.4,789.4220921,70.62370169
1_#3,1_#3_2011,Barley,1762.64216,80.975,908.5968645,70.62370169
1_#3,1_#3_2012,Other,2231.983096,312.338,1061.315126,32.95522298
1_#3,1_#3_2013,Winter wheat,2032.913012,34.891,1084.462398,70.62370169
1_#3,1_#3_2014,Winter wheat,2319.990651,134.275,1193.130796,70.62370169
1_24.acre,1_24.acre_2011,Winter wheat,2186.162855,262.4,933.9688543,23.92993458
1_24.acre,1_24.acre_2012,Winter wheat,2104.162855,180.4,933.9688543,23.92993458
1_24.acre,1_24.acre_2013,Barley,1277.312901,276.75,493.7009332,23.92993458
1_24.acre,1_24.acre_2014,Winter wheat,2351.728656,332.1,982.179743,27.68193458
1_angels.piece,1_angels.piece_2010,Other,1928.679137,167.69,860.1637781,5.205952242
1_angels.piece,1_angels.piece_2011,Winter wheat,2127.908438,305.86,887.3773319,12.70995224
1_angels.piece,1_angels.piece_2012,Winter wheat,2096.584438,274.536,887.3773319,12.70995224
1_angels.piece,1_angels.piece_2013,Dry Bean,476.5081095,303.236,160.5621573,12.70995224
1_back.of.hovels,1_back.of.hovels_2004,Winter wheat,1801.152104,282.9,673.5930286,10.5037458
1_back.of.hovels,1_back.of.hovels_2005,Other,1792.641066,112.75,747.3929681,10.53694438
1_back.of.hovels,1_back.of.hovels_2006,Winter wheat,1656.878753,118.9,673.5930286,30.23039429
1_back.of.hovels,1_back.of.hovels_2007,Other,1786.491066,106.6,747.3929681,10.53694438
1_back.of.hovels,1_back.of.hovels_2008,Winter wheat,1572.678293,41,673.5930286,23.92993458
1_back.of.hovels,1_back.of.hovels_2009,Other,1910.230478,106.6,805.278012,10.53694438
1_back.of.hovels,1_back.of.hovels_2010,Winter wheat,1794.078293,262.4,673.5930286,23.92993458
1_back.of.hovels,1_back.of.hovels_2011,Other,2031.795066,344.4,747.3929681,18.04094438
1_back.of.hovels,1_back.of.hovels_2012,Winter wheat,1662.878293,131.2,673.5930286,23.92993458
1_back.of.hovels,1_back.of.hovels_2013,Other,2041.847954,192.7,825.0920312,14.28894438
1_back.of.hovels,1_back.of.hovels_2014,Winter wheat,2168.477208,513.32,710.0317968,67.06716945
1_barn.ground,1_barn.ground_2004,Winter wheat,2008.372656,0,982.179743,16.42593458
1_barn.ground,1_barn.ground_2005,Other,1837.234983,0,887.3773319,27.89649701
1_barn.ground,1_barn.ground_2006,Winter wheat,2321.283539,164,1057.732258,23.92993458
1_barn.ground,1_barn.ground_2007,Other,1116.159325,41,528.1464458,20.17793458
1_barn.ground,1_barn.ground_2008,Winter wheat,2360.80193,110.7,1110.399737,20.17793458
1_barn.ground,1_barn.ground_2009,Other,1895.525992,143.5,842.3192536,31.64849701
1_barn.ground,1_barn.ground_2010,Winter wheat,2231.083539,73.8,1057.732258,23.92993458
1_barn.ground,1_barn.ground_2011,Other,1116.159325,41,528.1464458,20.17793458
1_barn.ground,1_barn.ground_2012,Winter wheat,2445.474389,185.32,1110.399737,30.23039429
1_barn.ground,1_barn.ground_2013,Other,2041.190983,192.7,887.3773319,39.15249701
1_barn.ground,1_barn.ground_2014,Winter wheat,2396.950849,185.32,1083.827652,30.23039429
1_bridge_leggott,1_bridge_leggott_2004,Other root crops,921.0672714,282.9,392.5702126,74.37570169
1_bridge_leggott,1_bridge_leggott_2005,Winter wheat,1917.559325,100.04,982.9849533,70.62370169
1_bridge_leggott,1_bridge_leggott_2006,Winter wheat,1988.088426,180.4,977.5443454,70.62370169
1_bridge_leggott,1_bridge_leggott_2007,Grass-clover mix,328.6470835,246,77.44113125,5.205952242
1_bridge_leggott,1_bridge_leggott_2008,Winter wheat,1672.260164,196.8,798.9762754,70.62370169
1_bridge_leggott,1_bridge_leggott_2009,Other legume,404.715179,82,255.8434773,66.87170169
1_bridge_leggott,1_bridge_leggott_2010,Winter wheat,1342.858104,65.6,697.3606217,70.62370169
1_bridge_leggott,1_bridge_leggott_2011,Winter wheat,1906.088426,98.4,977.5443454,70.62370169
1_bridge_leggott,1_bridge_leggott_2012,Other root crops,808.6652714,174.25,392.5702126,70.62370169
1_bridge_leggott,1_bridge_leggott_2013,Winter wheat,1873.793054,20.5,1004.949517,66.87170169
1_bridge_leggott,1_bridge_leggott_2014,Winter wheat,2259.515651,73.8,1193.130796,70.62370169
1_capps,1_capps_2010,Winter wheat,1757.136679,31.365,825.3829391,70.62370169
1_capps,1_capps_2011,Winter wheat,1345.631151,16.4,634.5478065,66.87170169
1_capps,1_capps_2012,Barley,1473.010762,173.02,619.1165822,70.62370169
1_capps,1_capps_2013,Other,1020.310378,164,446.0911831,10.70269493
1_capps,1_capps_2014,Winter wheat,1622.508904,168.92,689.9374824,74.37570169
1_chivers.top.left,1_chivers.top.left_2005,Other root crops,1236.738237,143.5,522.7596284,74.37570169
1_chivers.top.left,1_chivers.top.left_2006,Winter wheat,1244.608367,118.9,540.7823026,66.87170169
1_chivers.top.left,1_chivers.top.left_2007,Other,1929.860574,233.7,838.7699675,14.45469493
1_chivers.top.left,1_chivers.top.left_2008,Winter wheat,1961.848934,123.82,884.3184084,66.87170169
1_chivers.top.left,1_chivers.top.left_2009,Winter wheat,1956.928934,118.9,884.3184084,66.87170169
1_chivers.top.left,1_chivers.top.left_2010,Other,1926.434015,82,907.6440519,27.9996827
1_chivers.top.left,1_chivers.top.left_2011,Winter wheat,1867.878538,307.5,743.4053308,70.62370169
1_chivers.top.left,1_chivers.top.left_2012,Winter wheat,1701.35393,41,825.3829391,5.205952242
1_chivers.top.left,1_chivers.top.left_2013,Other,2054.560456,254.2,884.3184084,29.20322298
1_corner13acre,1_corner13acre_2006,Winter wheat,1931.162972,41,1160.995589,70.62370169
1_corner13acre,1_corner13acre_2007,Other,2084.32177,86.1,1228.903475,66.87170169
1_corner13acre,1_corner13acre_2008,Winter wheat,2100.37377,98.4,1228.903475,70.62370169
1_corner13acre,1_corner13acre_2009,Other,2013.72358,71.75,1194.606741,66.87170169
1_corner13acre,1_corner13acre_2010,Winter wheat,2022.82177,24.6,1228.903475,66.87170169
1_corner13acre,1_corner13acre_2011,Dry Bean,408.1336617,0,386.4344387,21.69922298
1_corner13acre,1_corner13acre_2012,Winter wheat,2072.412492,20.5,1299.630058,5.932928363
1_corner13acre,1_corner13acre_2013,Other,2478.372752,301.35,1373.333406,13.43692836
1_corner13acre,1_corner13acre_2014,Winter wheat,2417.020712,123,1450.180454,9.684928363
1_eds,1_eds_2010,Winter wheat,2411.602655,119.925,1434.551225,31.7516827
1_eds,1_eds_2011,Winter wheat,2428.207655,136.53,1434.551225,31.7516827
1_eds,1_eds_2012,Other,2568.95942,125.05,1530.347496,35.5036827
1_eds,1_eds_2013,Barley,1619.857291,0,996.575185,78.88599631
1_eds,1_eds_2014,Winter wheat,2491.286046,117.342,1489.837577,27.9996827
1_fence.field,1_fence.field_2004,Grass-clover mix,33.49539044,0,32.0414382,1.453952242
1_fence.field,1_fence.field_2005,Grass-clover mix,33.49539044,0,32.0414382,1.453952242
1_fence.field,1_fence.field_2006,Grass-clover mix,33.49539044,0,32.0414382,1.453952242
1_fence.field,1_fence.field_2007,Grass-clover mix,33.49539044,0,32.0414382,1.453952242
1_fence.field,1_fence.field_2008,Grass-clover mix,33.49539044,0,32.0414382,1.453952242
1_fence.field,1_fence.field_2009,Winter wheat,1824.649208,184.5,710.0317968,52.05916945
1_fence.field,1_fence.field_2010,Winter wheat,1641.896855,102.5,673.5930286,31.64849701
1_fence.field,1_fence.field_2011,Winter wheat,1555.796855,16.4,673.5930286,31.64849701
1_fence.field,1_fence.field_2012,Winter wheat,1844.154619,139.4,747.3929681,35.40049701
1_fence.field,1_fence.field_2013,Winter wheat,1599.955515,20.5,691.7002319,31.64849701
1_fence.field,1_fence.field_2014,Winter wheat,1717.402619,16.4,747.3929681,31.64849701
1_field3,1_field3_2010,Dry Bean,2168.32954,340.3,871.3061804,39.15249701
1_field3,1_field3_2011,Winter wheat,2076.081054,164.41,919.8253644,39.15249701
1_field3,1_field3_2012,Winter wheat,2340.437417,397.7,933.9688543,42.90449701
1_field3,1_field3_2013,Other,1946.836797,120.95,878.2457084,34.46051689
1_field3,1_field3_2014,Winter wheat,2192.333512,318.365,896.5702786,46.65649701
1_front.field,1_front.field_2004,Other,2161.74837,184.5,1077.740316,30.23039429
1_front.field,1_front.field_2005,Winter wheat,1730.808132,123.82,874.3111439,30.23039429
1_front.field,1_front.field_2006,Dry Bean,349.8983271,82,241.4199328,26.47839429
1_front.field,1_front.field_2007,Winter wheat,1896.738604,98.4,977.8557925,30.23039429
1_front.field,1_front.field_2008,Winter wheat,2136.948003,139.4,1089.259367,30.23039429
1_front.field,1_front.field_2009,Winter wheat,2040.406625,143.5,1032.520901,30.23039429
1_front.field,1_front.field_2010,Winter wheat,1845.233854,143.5,925.1539541,30.23039429
1_front.field,1_front.field_2011,Winter wheat,1839.338604,41,977.8557925,30.23039429
1_front.field,1_front.field_2012,Winter wheat,2264.378998,164,1148.18745,30.23039429
1_front.field,1_front.field_2013,Other,2003.506625,106.6,1032.520901,30.23039429
1_front.field,1_front.field_2014,Winter wheat,2177.948003,180.4,1089.259367,30.23039429
1_garden,1_garden_2004,Winter wheat,2449.751543,451,1089.259367,31.43393458
1_garden,1_garden_2005,Dry Bean,420.2311022,123,241.4199328,55.81116945
1_garden,1_garden_2006,Winter wheat,1972.438145,180.4,977.8557925,23.92993458
1_glebe.30,1_glebe.30_2004,Winter wheat,1922.529309,32.8,871.8060735,52.05916945
1_glebe.30,1_glebe.30_2005,Other root crops,1255.333811,174.25,490.9336968,63.31516945
1_glebe.30,1_glebe.30_2006,Winter wheat,2184.581309,291.1,871.8060735,55.81116945
1_glebe.30,1_glebe.30_2007,Winter wheat,1942.681309,49.2,871.8060735,55.81116945
1_glebe.30,1_glebe.30_2008,Other root crops,1188.031811,110.7,490.9336968,59.56316945
1_glebe.30,1_glebe.30_2009,Barley,1648.07733,95.12,706.893743,55.81116945
1_glebe.30,1_glebe.30_2010,Winter wheat,1959.758309,62.525,871.8060735,59.56316945
1_glebe.30,1_glebe.30_2011,Other root crops,1491.083811,410,490.9336968,63.31516945
1_glebe.30,1_glebe.30_2012,Barley,1603.384906,95.735,706.893743,10.5037458
1_glebe.30,1_glebe.30_2013,Other,1788.735139,174.25,746.3474151,33.98239429
1_glebe.30,1_glebe.30_2014,Winter wheat,2032.577534,160.925,871.8060735,33.98239429
1_gym,1_gym_2006,Barley,1488.863627,225.5,552.6380951,30.23039429
1_gym,1_gym_2007,Other,1598.833443,164,627.5215047,30.23039429
1_gym,1_gym_2008,Winter wheat,1721.924827,172.2,677.1968122,33.98239429
1_gym,1_gym_2009,Grass-clover mix,159.8993904,118.9,32.0414382,8.957952242
1_gym,1_gym_2010,Winter wheat,1880.775354,282.9,699.0055913,33.98239429
1_gym,1_gym_2011,Other,1664.74145,241.9,620.5580943,33.98239429
1_gym,1_gym_2012,Winter wheat,2425.292191,229.6,985.1117531,33.98239429
1_gym,1_gym_2013,Dry Bean,608.5088386,492,102.2198943,14.28894438
1_gym,1_gym_2014,Winter wheat,2373.885228,222.22,963.0362463,33.98239429
1_hermitage,1_hermitage_2004,Winter wheat,11614.75235,231.65,8579.607174,59.56316945
1_hermitage,1_hermitage_2005,Other,7088.761468,194.75,4663.465367,35.40049701
1_hermitage,1_hermitage_2006,Winter wheat,10452.81287,180.4,7582.426976,55.81116945
1_hermitage,1_hermitage_2007,Dry Bean,420.2311022,123,241.4199328,55.81116945
1_hermitage,1_hermitage_2008,Winter wheat,11481.93968,123,8579.607174,35.40049701
1_hermitage,1_hermitage_2009,Other,499.7139317,217.3,247.0134347,35.40049701
1_hermitage,1_hermitage_2010,Winter wheat,10583.4062,323.9,7582.426976,42.90449701
1_hermitage,1_hermitage_2011,Dry Bean,477.9791022,184.5,241.4199328,52.05916945
1_hermitage,1_hermitage_2012,Winter wheat,10518.1542,262.4,7582.426976,39.15249701
1_hermitage,1_hermitage_2013,Grass-clover mix,360.9619328,246,72.05743579,42.90449701
1_hermitage,1_hermitage_2014,Winter wheat,10603.9062,344.4,7582.426976,42.90449701
1_jollies,1_jollies_2004,Other,1721.067362,102.5,667.1367856,55.81116945
1_jollies,1_jollies_2005,Winter wheat,1650.98443,98.4,640.0281832,52.05916945
1_jollies,1_jollies_2006,Dry Bean,223.2647702,82,89.20560075,52.05916945
1_jollies,1_jollies_2007,Winter wheat,1683.08843,123,640.0281832,59.56316945
1_jollies,1_jollies_2008,Barley,1331.306042,307.5,419.2084714,55.81116945
1_jollies,1_jollies_2009,Other,1640.699205,123,623.3424145,55.81116945
1_jollies,1_jollies_2010,Winter wheat,1678.37842,133.537,636.6754653,52.05916945
1_jollies,1_jollies_2011,Oats,1071.68509,0.5125,439.5949808,52.05916945
1_jollies,1_jollies_2012,Winter wheat,1994.604344,333.125,684.3453123,59.56316945
1_jollies,1_jollies_2013,Other,1976.119252,143.5,762.6508137,55.81116945
1_jollies,1_jollies_2014,Winter wheat,1521.606737,50.02,603.571694,55.81116945
1_long7acre,1_long7acre_2011,Other,2277.638558,184.5,1148.18745,22.98995445
1_long7acre,1_long7acre_2012,Winter wheat,2168.010076,151.29,1083.488956,59.56316945
1_long7acre,1_long7acre_2013,Other,2246.485698,194.75,1124.345755,22.98995445
1_long7acre,1_long7acre_2014,Winter wheat,2253.326482,71.34,1178.510702,59.56316945
1_long7acre,1_long7acre_2015,Barley,2099.749221,172.446,1021.42562,80.50285384
1_mawland.smiths,1_mawland.smiths_2008,Winter wheat,2829.616183,146.37,1701.396729,15.98538808
1_mawland.smiths,1_mawland.smiths_2009,Other,3323.128301,134.07,2029.063454,44.8608796
1_mawland.smiths,1_mawland.smiths_2010,Winter wheat,2309.941945,142.27,1365.824431,15.98538808
1_mawland.smiths,1_mawland.smiths_2011,Dry Bean,529.1098268,126.69,386.4344387,15.98538808
1_mawland.smiths,1_mawland.smiths_2012,Winter wheat,3471.496627,217.3,2081.607521,35.5036827
1_mawland.smiths,1_mawland.smiths_2013,Other,3005.43113,312.215,1692.486672,39.2556827
1_mawland.smiths,1_mawland.smiths_2014,Winter wheat,2958.233639,392.165,1605.490094,43.0076827
1_newton.grange.23,1_newton.grange.23_2004,Barley,2491.377956,30.75,1378.746453,36.99219557
1_newton.grange.23,1_newton.grange.23_2005,Other,2618.944605,0,1479.351025,33.24019557
1_newton.grange.23,1_newton.grange.23_2006,Winter wheat,2996.012179,30.75,1698.988445,36.99219557
1_newton.grange.23,1_newton.grange.23_2007,Winter wheat,2629.93817,30.75,1464.623173,36.99219557
1_newton.grange.23,1_newton.grange.23_2008,Barley,2345.85914,30.75,1290.301423,36.99219557
1_newton.grange.23,1_newton.grange.23_2009,Other,2725.94017,123,1464.623173,40.74419557
1_newton.grange.23,1_newton.grange.23_2010,Winter wheat,3396.249238,161.95,1872.71568,44.49619557
1_newton.grange.23,1_newton.grange.23_2011,Winter wheat,2768.64217,161.95,1464.623173,44.49619557
1_newton.grange.23,1_newton.grange.23_2012,Barley,2473.43114,154.57,1290.301423,40.74419557
1_newton.grange.23,1_newton.grange.23_2013,Other,2807.94017,205,1464.623173,40.74419557
1_newton.grange.23,1_newton.grange.23_2014,Winter wheat,3479.069238,244.77,1872.71568,44.49619557
1_opposite.cottage,1_opposite.cottage_2004,Winter wheat,2895.265116,0.8528,2075.948285,36.99219557
1_opposite.cottage,1_opposite.cottage_2005,Other legume,715.2552595,19.475,655.0360639,40.74419557
1_opposite.cottage,1_opposite.cottage_2006,Winter wheat,2571.251178,180.4,1728.352748,25.90620453
1_opposite.cottage,1_opposite.cottage_2007,Other root crops,1341.345292,161.13,934.4039921,48.24819557
1_opposite.cottage,1_opposite.cottage_2008,Winter wheat,2862.498284,164.574,1932.782039,40.74419557
1_opposite.cottage,1_opposite.cottage_2009,Other root crops,1377.438404,0,1081.83494,1.453952242
1_opposite.cottage,1_opposite.cottage_2010,Winter wheat,3568.859892,53.3,2547.348037,19.90895444
1_opposite.cottage,1_opposite.cottage_2011,Other root crops,1487.873514,336.2,915.2810873,52.00019557
1_opposite.cottage,1_opposite.cottage_2012,Winter wheat,3156.608367,41,2252.12521,16.15695444
1_opposite.cottage,1_opposite.cottage_2013,Other,2559.520238,213.2,1699.237932,23.66095444
1_opposite.cottage,1_opposite.cottage_2014,Winter wheat,3366.181428,271.625,2215.904903,44.49619557
1_shooters.bank,1_shooters.bank_2004,Grass-clover mix,337.1641496,196.8,114.9129267,25.45122298
1_shooters.bank,1_shooters.bank_2005,Other,2760.45839,397.7,1481.838672,29.20322298
1_shooters.bank,1_shooters.bank_2006,Winter wheat,2572.725195,291.1,1434.551225,21.69922298
1_shooters.bank,1_shooters.bank_2007,Dry Bean,735.8581404,278.8,386.4344387,70.62370169
1_shooters.bank,1_shooters.bank_2008,Winter wheat,2909.01167,229.6,1692.486672,25.45122298
1_shooters.bank,1_shooters.bank_2009,Grass-clover mix,202.1188789,82,114.9129267,5.205952242
1_shooters.bank,1_shooters.bank_2010,Other,2258.136737,221.4,1278.106882,25.45122298
1_shooters.bank,1_shooters.bank_2011,Winter wheat,2883.102205,213.2,1683.615498,29.20322298
1_shooters.bank,1_shooters.bank_2012,Winter wheat,3803.3009,479.7,2135.360798,29.20322298
1_shooters.bank,1_shooters.bank_2013,Grass-clover mix,288.249855,159.9,114.9129267,13.43692836
1_shooters.bank,1_shooters.bank_2014,Winter wheat,3642.413773,402.7799,2081.607521,20.94092836
1_stokewell.ground,1_stokewell.ground_2004,Winter wheat,2585.764115,337.84,1205.950473,32.20666425
1_stokewell.ground,1_stokewell.ground_2005,Winter wheat,3124.137897,553.5,1393.84181,39.71066425
1_stokewell.ground,1_stokewell.ground_2006,Winter wheat,2237.553629,291.1,1032.436723,35.95866425
1_stokewell.ground,1_stokewell.ground_2007,Winter wheat,2489.587332,303.4,1163.689728,43.46266425
1_stokewell.ground,1_stokewell.ground_2008,Winter wheat,2567.042634,106.6,1333.211627,29.65820453
1_stokewell.ground,1_stokewell.ground_2009,Winter wheat,2940.846631,188.6,1521.921658,14.21430816
1_stokewell.ground,1_stokewell.ground_2010,Winter wheat,3339.476938,385.4,1636.15324,35.95866425
1_stokewell.ground,1_stokewell.ground_2011,Winter wheat,2871.957604,197.62,1470.992669,17.96630816
1_stokewell.ground,1_stokewell.ground_2012,Winter wheat,2854.528863,78.679,1536.744308,14.21430816
1_stokewell.ground,1_stokewell.ground_2013,Spring wheat,1980.653423,336.2,867.1738358,39.71066425
1_stokewell.ground,1_stokewell.ground_2014,Winter wheat,2392.123157,192.7,1175.648971,35.95866425
1_threadgold,1_threadgold_2004,Barley,970.2755287,51.25,397.8434911,55.81116945
1_threadgold,1_threadgold_2005,Other,1579.174551,41,684.4307686,6.41757911
1_threadgold,1_threadgold_2006,Winter wheat,1236.844067,17.015,523.0353814,55.81116945
1_threadgold,1_threadgold_2007,Barley,1124.931387,194.75,400.8570583,59.56316945
1_threadgold,1_threadgold_2008,Dry Bean,157.8568386,45.1,102.2198943,10.53694438
1_threadgold,1_threadgold_2009,Winter wheat,1099.180626,139.4,416.0088413,52.05916945
1_threadgold,1_threadgold_2010,Winter wheat,1974.91203,217.3,781.8493105,14.28894438
1_threadgold,1_threadgold_2011,Barley,911.0668573,96.35,373.9313744,10.53694438
1_threadgold,1_threadgold_2012,Barley,884.1590272,87.74,365.052418,14.28894438
1_threadgold,1_threadgold_2013,Barley,720.353453,41,321.345212,6.784944376
1_threadgold,1_threadgold_2014,Winter wheat,1716.925963,388.27,586.2169687,18.04094438
1_wells.rd,1_wells.rd_2005,Winter wheat,2400.536047,207.747,1373.333406,29.20322298
1_wells.rd,1_wells.rd_2006,Winter wheat,2651.668005,362.53881,1434.551225,29.20322298
1_wells.rd,1_wells.rd_2007,Other,2135.162902,104.14,1278.106882,19.73738808
1_wells.rd,1_wells.rd_2008,Winter wheat,2848.205172,540.38,1450.180454,23.48938808
1_wells.rd,1_wells.rd_2009,Dry Bean,1002.661827,585.234,386.4344387,30.99338808
1_wells.rd,1_wells.rd_2010,Winter wheat,2196.648099,84.255,1328.745041,19.73738808
1_wells.rd,1_wells.rd_2011,Dry Bean,832.0198268,414.592,386.4344387,30.99338808
1_wells.rd,1_wells.rd_2012,Winter wheat,2433.327312,266.09,1350.900085,39.2556827
1_wells.rd,1_wells.rd_2013,Other,2506.630202,295.61,1380.873811,35.5036827
1_wells.rd,1_wells.rd_2014,Winter wheat,2613.365046,228.165,1489.837577,39.2556827
2_#2,2_#2_2004,Winter wheat,1767.282037,180.4,857.714654,70.62370169
2_#2,2_#2_2005,Winter wheat,1431.989667,123,715.2830205,66.87170169
2_#2,2_#2_2006,Grass-clover mix,205.6470835,123,77.44113125,5.205952242
2_#2,2_#2_2007,Other,1681.530037,98.4,857.714654,66.87170169
2_#2,2_#2_2008,Winter wheat,1448.389667,139.4,715.2830205,66.87170169
2_#2,2_#2_2009,Winter wheat,1889.578751,16.4,1016.054632,66.87170169
2_#2,2_#2_2010,Other,1827.442778,94.3,961.342049,25.45122298
2_#2,2_#2_2011,Winter wheat,2027.512327,196.39,988.4456642,74.37570169
2_#2,2_#2_2012,Barley,2120.400256,330.829,961.342049,81.87970169
2_#2,2_#2_2013,Other,2162.041948,388.27,977.5443454,36.70722298
2_#2,2_#2_2014,Winter wheat,1835.609037,244.975,857.714654,74.37570169
2_2x11,2_2x11_2006,Other root crops,916.6192714,274.7,392.5702126,78.12770169
2_2x11,2_2x11_2007,Winter wheat,1902.336426,98.4,977.5443454,66.87170169
2_2x11,2_2x11_2008,Winter wheat,1902.336426,98.4,977.5443454,66.87170169
2_2x11,2_2x11_2009,Other root crops,822.6672714,184.5,392.5702126,74.37570169
2_2x11,2_2x11_2010,Winter wheat,1902.493054,49.2,1004.949517,66.87170169
2_2x11,2_2x11_2011,Winter wheat,1955.445054,98.4,1004.949517,70.62370169
2_2x11,2_2x11_2012,Other legume,404.715179,82,255.8434773,66.87170169
2_2x11,2_2x11_2013,Winter wheat,1429.532893,45.1,751.8519167,70.62370169
2_45acre.nr.duffields,2_45acre.nr.duffields_2011,Winter wheat,2186.162855,262.4,933.9688543,23.92993458
2_45acre.nr.duffields,2_45acre.nr.duffields_2012,Winter wheat,2104.162855,180.4,933.9688543,23.92993458
2_45acre.nr.duffields,2_45acre.nr.duffields_2013,Barley,1273.560901,276.75,493.7009332,20.17793458
2_45acre.nr.duffields,2_45acre.nr.duffields_2014,Winter wheat,2351.728656,332.1,982.179743,27.68193458
2_banbury.road,2_banbury.road_2010,Winter wheat,1995.191438,173.143,887.3773319,12.70995224
2_banbury.road,2_banbury.road_2011,Winter wheat,2176.206438,354.158,887.3773319,12.70995224
2_banbury.road,2_banbury.road_2012,Barley,1761.632869,290.772,715.5534115,8.957952242
2_begbrokeA44,2_begbrokeA44_2006,Barley,1373.982339,225.5,503.6111751,30.23039429
2_begbrokeA44,2_begbrokeA44_2007,Other,1271.058184,61.5,529.5646906,30.23039429
2_begbrokeA44,2_begbrokeA44_2008,Winter wheat,2337.331783,260.35,924.1134218,37.73439429
2_begbrokeA44,2_begbrokeA44_2009,Grass-clover mix,159.8993904,118.9,32.0414382,8.957952242
2_begbrokeA44,2_begbrokeA44_2010,Winter wheat,1840.259926,266.5,688.0610377,33.98239429
2_begbrokeA44,2_begbrokeA44_2011,Other,1321.412948,278.8,459.2058616,30.23039429
2_begbrokeA44,2_begbrokeA44_2012,Winter wheat,2840.228691,410,1105.500681,33.98239429
2_begbrokeA44,2_begbrokeA44_2013,Dry Bean,383.0088386,266.5,102.2198943,14.28894438
2_begbrokeA44,2_begbrokeA44_2014,Winter wheat,2638.960062,345.22,1034.86642,33.98239429
2_bridge.ground,2_bridge.ground_2004,Dry Bean,733.0282595,41,655.0360639,36.99219557
2_bridge.ground,2_bridge.ground_2005,Winter wheat,3384.256013,389.5,2156.645935,25.90620453
2_bridge.ground,2_bridge.ground_2006,Barley,2271.743121,207.05,1497.113981,40.74419557
2_bridge.ground,2_bridge.ground_2007,Other,2402.937573,86.1,1680.042599,22.15420453
2_bridge.ground,2_bridge.ground_2008,Winter wheat,2442.452719,47.15,1718.604589,44.49619557
2_bridge.ground,2_bridge.ground_2009,Dry Bean,941.7802595,246,655.0360639,40.74419557
2_bridge.ground,2_bridge.ground_2010,Winter wheat,2785.23373,53.3,1954.258903,44.49619557
2_bridge.ground,2_bridge.ground_2011,Potato,1755.862408,369,1081.83494,10.87795676
2_bridge.ground,2_bridge.ground_2012,Winter wheat,3855.893677,176.3,2671.869201,19.90895444
2_bridge.ground,2_bridge.ground_2013,Other root crops,1436.465292,256.25,934.4039921,48.24819557
2_bridge.ground,2_bridge.ground_2014,Winter wheat,3099.400326,28.7,2203.943092,36.99219557
2_buckleys,2_buckleys_2004,Winter wheat,2572.177331,369.82,1350.900085,74.37570169
2_buckleys,2_buckleys_2005,Dry Bean,535.3061404,82,386.4344387,66.87170169
2_buckleys,2_buckleys_2006,Winter wheat,2686.63355,118.9,1614.020713,31.7516827
2_buckleys,2_buckleys_2007,Winter wheat,2332.609525,98.4,1373.333406,70.62370169
2_buckleys,2_buckleys_2008,Winter wheat,2748.13355,180.4,1614.020713,31.7516827
2_buckleys,2_buckleys_2009,Winter wheat,2456.90542,20.5,1530.347496,27.9996827
2_buckleys,2_buckleys_2010,Other,2335.085506,143.5,1373.333406,27.9996827
2_buckleys,2_buckleys_2011,Winter wheat,2774.086629,180.4,1631.19321,31.7516827
2_buckleys,2_buckleys_2012,Winter wheat,2419.308731,164,1411.353175,31.7516827
2_buckleys,2_buckleys_2013,Other,2386.122087,106.6,1426.785948,31.7516827
2_buckleys,2_buckleys_2014,Winter wheat,2621.37742,181.22,1530.347496,31.7516827
2_bushmeadow,2_bushmeadow_2004,Winter wheat,1799.590095,271.01,706.893743,31.43393458
2_bushmeadow,2_bushmeadow_2005,Winter wheat,2020.628982,246,828.7378933,23.92993458
2_bushmeadow,2_bushmeadow_2006,Winter wheat,1817.468112,492.8405,598.3784703,63.31516945
2_bushmeadow,2_bushmeadow_2007,Grass-clover mix,351.2301009,246,39.96278955,65.26731134
2_bushmeadow,2_bushmeadow_2008,Winter wheat,1937.414679,329.23,746.3474151,27.68193458
2_bushmeadow,2_bushmeadow_2009,Winter wheat,1401.206083,124.23,598.3784703,15.66364056
2_bushmeadow,2_bushmeadow_2010,Other,1842.133176,260.35,738.3674848,18.04094438
2_bushmeadow,2_bushmeadow_2011,Winter wheat,1536.54927,262.4,594.7820529,20.82353532
2_bushmeadow,2_bushmeadow_2012,Winter wheat,2124.645675,262.4,871.8060735,24.57553532
2_bushmeadow,2_bushmeadow_2013,Dry Bean,256.1049413,112.75,132.817997,10.53694438
2_bushmeadow,2_bushmeadow_2014,Winter wheat,1782.352666,155.8,758.4029272,20.82353532
2_chapmans,2_chapmans_2004,Winter wheat,1814.578293,282.9,673.5930286,23.92993458
2_chapmans,2_chapmans_2005,Other,1792.641066,112.75,747.3929681,10.53694438
2_chapmans,2_chapmans_2006,Winter wheat,1650.578293,118.9,673.5930286,23.92993458
2_chapmans,2_chapmans_2007,Other,1786.491066,106.6,747.3929681,10.53694438
2_chapmans,2_chapmans_2008,Winter wheat,1572.678293,41,673.5930286,23.92993458
2_chapmans,2_chapmans_2009,Millet,1220.371526,205,456.0813791,10.5037458
2_chapmans,2_chapmans_2010,Winter wheat,1743.959528,180.4,673.5930286,55.81116945
2_chapmans,2_chapmans_2011,Other,1786.491066,106.6,747.3929681,10.53694438
2_chapmans,2_chapmans_2012,Winter wheat,1705.580293,170.15,673.5930286,27.68193458
2_chapmans,2_chapmans_2013,Other,1934.365954,88.97,825.0920312,10.53694438
2_chapmans,2_chapmans_2014,Winter wheat,1838.339973,226.32,710.0317968,23.92993458
2_chivers.bottom.right,2_chivers.bottom.right_2005,Other,2227.298561,55.35,1384.164322,10.70269493
2_chivers.bottom.right,2_chivers.bottom.right_2006,Winter wheat,2498.630829,58.22,1518.070633,70.62370169
2_chivers.bottom.right,2_chivers.bottom.right_2007,Other root crops,1911.457807,379.25,954.2251988,81.87970169
2_chivers.bottom.right,2_chivers.bottom.right_2008,Winter wheat,2657.045977,118.9,1584.435451,66.87170169
2_chivers.bottom.right,2_chivers.bottom.right_2009,Other legume,498.4990458,41,390.6273441,66.87170169
2_chivers.bottom.right,2_chivers.bottom.right_2010,Winter wheat,2708.330732,75.768,1644.368167,70.62370169
2_chivers.bottom.right,2_chivers.bottom.right_2011,Other root crops,1773.135301,123,1026.973198,74.37570169
2_chivers.bottom.right,2_chivers.bottom.right_2012,Winter wheat,2400.818202,49.2,1485.711189,31.7516827
2_chivers.bottom.right,2_chivers.bottom.right_2013,Other,2676.143793,159.9,1584.435451,44.9695176
2_clattercote.meadow,2_clattercote.meadow_2009,Winter wheat,1936.410855,16.4,933.9688543,20.17793458
2_clattercote.meadow,2_clattercote.meadow_2010,Other,1960.777992,205,842.3192536,35.40049701
2_clattercote.meadow,2_clattercote.meadow_2011,Winter wheat,2051.210855,131.2,933.9688543,20.17793458
2_clattercote.meadow,2_clattercote.meadow_2012,Other,1842.519083,174.25,798.7132565,35.40049701
2_clattercote.meadow,2_clattercote.meadow_2013,Winter wheat,2165.677115,143.5,982.179743,30.23039429
2_clattercote.meadow,2_clattercote.meadow_2014,Winter wheat,2161.593019,45.592,1032.100735,30.23039429
2_court,2_court_2004,Other,7225.499915,352.6,4663.465367,14.28894438
2_court,2_court_2005,Winter wheat,10620.56487,344.4,7582.426976,59.56316945
2_court,2_court_2006,Winter wheat,8587.963609,180.4,5937.092275,55.81116945
2_court,2_court_2007,Dry Bean,710.9831022,410,241.4199328,59.56316945
2_court,2_court_2008,Winter wheat,7160.163468,262.4,4663.465367,39.15249701
2_court,2_court_2009,Other,5724.915804,69.7,3672.799816,6.784944376
2_court,2_court_2010,Winter wheat,7225.415468,323.9,4663.465367,42.90449701
2_court,2_court_2011,Grass-clover mix,377.6206052,246,72.05743579,59.56316945
2_court,2_court_2012,Winter wheat,7283.082468,377.815,4663.465367,46.65649701
2_court,2_court_2013,Other,532.1659317,246,247.0134347,39.15249701
2_court,2_court_2014,Winter wheat,7140.011468,246,4663.465367,35.40049701
2_cow.rd,2_cow.rd_2005,Winter wheat,2400.536047,207.747,1373.333406,29.20322298
2_cow.rd,2_cow.rd_2006,Winter wheat,2601.139195,312.01,1434.551225,29.20322298
2_cow.rd,2_cow.rd_2007,Other,1371.639264,63.14,858.7674481,10.70269493
2_cow.rd,2_cow.rd_2008,Winter wheat,2848.205172,540.38,1450.180454,23.48938808
2_cow.rd,2_cow.rd_2009,Dry Bean,942.7041404,478.142,386.4344387,78.12770169
2_cow.rd,2_cow.rd_2010,Winter wheat,2196.648099,84.255,1328.745041,19.73738808
2_cow.rd,2_cow.rd_2011,Dry Bean,746.2678268,332.592,386.4344387,27.24138808
2_cow.rd,2_cow.rd_2012,Winter wheat,2289.355312,125.87,1350.900085,35.5036827
2_cow.rd,2_cow.rd_2013,Other,2338.878202,131.61,1380.873811,31.7516827
2_cow.rd,2_cow.rd_2014,Winter wheat,2643.029046,254.077,1489.837577,43.0076827
2_field5,2_field5_2010,Dry Bean,2168.32954,340.3,871.3061804,39.15249701
2_field5,2_field5_2011,Winter wheat,2076.081054,164.41,919.8253644,39.15249701
2_field5,2_field5_2012,Winter wheat,2340.437417,397.7,933.9688543,42.90449701
2_field5,2_field5_2013,Other,1946.836797,120.95,878.2457084,34.46051689
2_field5,2_field5_2014,Winter wheat,2192.333512,318.365,896.5702786,46.65649701
2_fifty.acre,2_fifty.acre_2008,Winter wheat,2829.616183,146.37,1701.396729,15.98538808
2_fifty.acre,2_fifty.acre_2009,Other,3323.128301,134.07,2029.063454,44.8608796
2_fifty.acre,2_fifty.acre_2010,Winter wheat,2930.884494,139.81,1774.10271,15.98538808
2_fifty.acre,2_fifty.acre_2011,Dry Bean,529.1098268,126.69,386.4344387,15.98538808
2_fifty.acre,2_fifty.acre_2012,Winter wheat,3486.53978,217.3,2092.260383,35.5036827
2_fifty.acre,2_fifty.acre_2013,Other,3149.553852,311.6,1792.683192,35.5036827
2_fifty.acre,2_fifty.acre_2014,Winter wheat,2834.618639,268.55,1605.490094,43.0076827
2_front.field,2_front.field_2004,Barley,925.9673712,51.25,379.8770808,55.81116945
2_front.field,2_front.field_2005,Grass-clover mix,37.24739044,0,32.0414382,5.205952242
2_front.field,2_front.field_2006,Other,1110.321343,87.125,440.5502281,55.81116945
2_front.field,2_front.field_2007,Winter wheat,1080.653802,139.4,406.9008906,55.81116945
2_front.field,2_front.field_2008,Barley,1063.093252,221.4,365.052418,59.56316945
2_front.field,2_front.field_2009,Other,1015.316576,123,403.8761814,14.28894438
2_front.field,2_front.field_2010,Winter wheat,1352.715671,155.8,513.2928586,55.81116945
2_front.field,2_front.field_2011,Dry Bean,444.5088386,328,102.2198943,14.28894438
2_front.field,2_front.field_2012,Winter wheat,1746.311526,479.7,559.2948615,18.04094438
2_front.field,2_front.field_2013,Barley,720.353453,41,321.345212,6.784944376
2_front.field,2_front.field_2014,Winter wheat,1832.951111,386.63,638.0277488,18.04094438
2_horsewoods.top,2_horsewoods.top_2004,Oats,1062.679758,0.82,512.0560234,66.87170169
2_horsewoods.top,2_horsewoods.top_2005,Winter wheat,1235.295327,98.4,566.4097029,21.69922298
2_horsewoods.top,2_horsewoods.top_2006,Barley,1107.980204,123,497.9101131,21.69922298
2_horsewoods.top,2_horsewoods.top_2007,Grass-clover mix,58.28078472,0,49.79939665,8.481388077
2_horsewoods.top,2_horsewoods.top_2008,Winter wheat,1322.163362,180.4,548.0567148,66.87170169
2_horsewoods.top,2_horsewoods.top_2009,Winter wheat,1395.443604,16.4,658.0185123,66.87170169
2_horsewoods.top,2_horsewoods.top_2010,Oats,1129.979146,0,544.4147903,63.11970169
2_horsewoods.top,2_horsewoods.top_2011,Grass-clover mix,620.8745273,0,234.1428428,17.94722298
2_horsewoods.top,2_horsewoods.top_2012,Winter wheat,1873.77035,41,879.6981157,70.62370169
2_horsewoods.top,2_horsewoods.top_2013,Spring wheat,1518.899054,114.8,669.9030888,66.87170169
2_horsewoods.top,2_horsewoods.top_2014,Winter wheat,407.3129677,98.4,194.386354,70.62370169
2_mushroom.field,2_mushroom.field_2004,Grass-clover mix,337.1641496,196.8,114.9129267,25.45122298
2_mushroom.field,2_mushroom.field_2005,Other,2760.45839,397.7,1481.838672,29.20322298
2_mushroom.field,2_mushroom.field_2006,Winter wheat,2572.725195,291.1,1434.551225,21.69922298
2_mushroom.field,2_mushroom.field_2007,Dry Bean,735.8581404,278.8,386.4344387,70.62370169
2_mushroom.field,2_mushroom.field_2008,Winter wheat,2909.01167,229.6,1692.486672,25.45122298
2_mushroom.field,2_mushroom.field_2009,Winter wheat,2889.769167,106.6,1764.87384,21.69922298
2_mushroom.field,2_mushroom.field_2010,Other,2304.782786,229.6,1299.630058,29.20322298
2_mushroom.field,2_mushroom.field_2011,Winter wheat,2883.102205,213.2,1683.615498,29.20322298
2_mushroom.field,2_mushroom.field_2012,Winter wheat,3803.3009,479.7,2135.360798,29.20322298
2_mushroom.field,2_mushroom.field_2013,Grass-clover mix,304.0161496,159.9,114.9129267,29.20322298
2_mushroom.field,2_mushroom.field_2014,Winter wheat,3795.061792,402.7758,2190.356728,20.94092836
2_newton.grange.bottom,2_newton.grange.bottom_2004,Barley,2264.209624,30.75,1083.827652,52.05916945
2_newton.grange.bottom,2_newton.grange.bottom_2005,Other,2229.707624,0,1083.827652,48.30716945
2_newton.grange.bottom,2_newton.grange.bottom_2006,Winter wheat,2537.394468,30.75,1250.884535,26.47839429
2_newton.grange.bottom,2_newton.grange.bottom_2007,Winter wheat,2238.628849,30.75,1083.827652,26.47839429
2_newton.grange.bottom,2_newton.grange.bottom_2008,Barley,2002.910239,30.75,957.8663227,26.47839429
2_newton.grange.bottom,2_newton.grange.bottom_2009,Other,2334.630849,123,1083.827652,30.23039429
2_newton.grange.bottom,2_newton.grange.bottom_2010,Winter wheat,2886.317827,161.95,1373.29807,33.98239429
2_newton.grange.bottom,2_newton.grange.bottom_2011,Winter wheat,2676.098468,161.95,1250.884535,33.98239429
2_newton.grange.bottom,2_newton.grange.bottom_2012,Barley,2366.200849,154.57,1083.827652,30.23039429
2_newton.grange.bottom,2_newton.grange.bottom_2013,Other,2416.630849,205,1083.827652,30.23039429
2_newton.grange.bottom,2_newton.grange.bottom_2014,Winter wheat,2969.137827,244.77,1373.29807,33.98239429
2_orchard.field,2_orchard.field_2011,Other,2414.795084,184.5,1228.27019,22.98995445
2_orchard.field,2_orchard.field_2012,Winter wheat,2137.036913,52.48,1124.345755,55.81116945
2_orchard.field,2_orchard.field_2013,Other,2209.13476,198.44,1100.865981,22.98995445
2_orchard.field,2_orchard.field_2014,Winter wheat,2253.326482,71.34,1178.510702,59.56316945
2_orchard.field,2_orchard.field_2015,Barley,2100.323221,173.02,1021.42562,80.50285384
2_rosses,2_rosses_2006,Winter wheat,1804.238536,184.5,710.0317968,31.64849701
2_rosses,2_rosses_2007,Winter wheat,1804.238536,184.5,710.0317968,31.64849701
2_rosses,2_rosses_2008,Winter wheat,1804.238536,184.5,710.0317968,31.64849701
2_rosses,2_rosses_2009,Winter wheat,1636.138536,16.4,710.0317968,31.64849701
2_rosses,2_rosses_2010,Winter wheat,1722.238536,102.5,710.0317968,31.64849701
2_rosses,2_rosses_2011,Winter wheat,1555.796855,16.4,673.5930286,31.64849701
2_rosses,2_rosses_2012,Winter wheat,1844.154619,139.4,747.3929681,35.40049701
2_rosses,2_rosses_2013,Spring wheat,1308.554919,5.125,569.3348284,31.64849701
2_rosses,2_rosses_2014,Winter wheat,1745.754619,41,747.3929681,35.40049701
2_sids.and.the.linings,2_sids.and.the.linings_2004,Dry Bean,522.2195998,287,221.0052917,14.21430816
2_sids.and.the.linings,2_sids.and.the.linings_2005,Winter wheat,1967.067588,246,911.7793799,32.20666425
2_sids.and.the.linings,2_sids.and.the.linings_2006,Winter wheat,2832.07796,143.5,1470.992669,32.20666425
2_sids.and.the.linings,2_sids.and.the.linings_2007,Barley,1849.974425,282.9,828.6691669,35.95866425
2_sids.and.the.linings,2_sids.and.the.linings_2008,Barley,1688.830068,143.5,828.6691669,14.21430816
2_sids.and.the.linings,2_sids.and.the.linings_2009,Barley,1859.77343,268.55,852.6110722,14.21430816
2_sids.and.the.linings,2_sids.and.the.linings_2010,Barley,2149.856068,593.27,828.6691669,25.47030816
2_sids.and.the.linings,2_sids.and.the.linings_2011,Other,1227.000675,180.974,569.8353498,37.16220453
2_sids.and.the.linings,2_sids.and.the.linings_2012,Winter wheat,3014.388863,231.035,1536.744308,21.71830816
2_sids.and.the.linings,2_sids.and.the.linings_2013,Other,1393.849413,172.815,650.7368034,43.46266425
2_sids.and.the.linings,2_sids.and.the.linings_2014,Winter wheat,2196.938493,218.94,1060.022487,17.96630816
2_thors_manor_3,2_thors_manor_3_2004,Other,2245.675354,260.35,1089.259367,18.0077458
2_thors_manor_3,2_thors_manor_3_2005,Winter wheat,2633.125931,426.4,1209.427931,31.43393458
2_thors_manor_3,2_thors_manor_3_2006,Dry Bean,628.9831022,328,241.4199328,59.56316945
2_thors_manor_3,2_thors_manor_3_2007,Winter wheat,2320.030778,293.15,1089.259367,59.56316945
2_thors_manor_3,2_thors_manor_3_2008,Other,2180.423354,198.85,1089.259367,14.2557458
2_thors_manor_3,2_thors_manor_3_2009,Other root crops,1502.204671,307.5,644.7054685,67.06716945
2_thors_manor_3,2_thors_manor_3_2010,Barley,1947.920907,311.6,874.3111439,59.56316945
2_thors_manor_3,2_thors_manor_3_2011,Other,2252.173354,270.6,1089.259367,14.2557458
2_top.end.mill.lane,2_top.end.mill.lane_2005,Other,1446.780826,123,642.3277208,44.8608796
2_top.end.mill.lane,2_top.end.mill.lane_2006,Winter wheat,1406.373404,41,661.9688432,44.8608796
2_top.end.mill.lane,2_top.end.mill.lane_2007,Dry Bean,311.1810155,82,162.3093138,66.87170169
2_top.end.mill.lane,2_top.end.mill.lane_2008,Winter wheat,1577.31922,98.4,702.0969253,74.37570169
2_top.end.mill.lane,2_top.end.mill.lane_2009,Other,1432.193355,28.7,681.889338,41.1088796
2_top.end.mill.lane,2_top.end.mill.lane_2010,Winter wheat,1490.404398,41,702.0969253,44.8608796
2_top.end.mill.lane,2_top.end.mill.lane_2011,Other,1872.810468,377.2,722.5995387,48.6128796
2_top.end.mill.lane,2_top.end.mill.lane_2012,Winter wheat,1652.575354,62.32,785.960195,14.0427418
2_top.end.mill.lane,2_top.end.mill.lane_2013,Dry Bean,285.4181934,82,162.3093138,41.1088796
2_top.end.mill.lane,2_top.end.mill.lane_2014,Winter wheat,1721.495569,16.4,829.8313594,41.1088796
2_treasures,2_treasures_2004,Winter wheat,1796.959569,205.82,653.5181578,59.56316945
2_treasures,2_treasures_2005,Barley,1564.179529,430.5,463.2275902,55.81116945
2_treasures,2_treasures_2006,Other,1702.535569,118.9,653.5181578,52.05916945
2_treasures,2_treasures_2007,Winter wheat,1699.83643,143.5,640.0281832,55.81116945
2_treasures,2_treasures_2008,Winter wheat,1721.15643,164.82,640.0281832,55.81116945
2_treasures,2_treasures_2009,Barley,1134.299278,125.05,413.4322899,55.81116945
2_treasures,2_treasures_2010,Other,1826.596454,133.25,701.7649654,52.05916945
2_treasures,2_treasures_2011,Winter wheat,1550.847205,36.9,623.3424145,52.05916945
2_treasures,2_treasures_2012,Oats,1008.363705,20.91,404.8075905,55.81116945
2_treasures,2_treasures_2013,Winter wheat,1569.776187,82.8487,610.1318613,55.81116945
2_treasures,2_treasures_2014,Winter wheat,1937.638691,189.256,722.9554556,59.56316945
arable,arable_2004,Other root crops,1911.202363,335.79,1017.890387,48.24819557
arable,arable_2005,Winter wheat,2837.265114,16.4,1818.008853,36.99219557
arable,arable_2006,Dry Bean,639.4760414,205,424.1048476,10.37119382
arable,arable_2007,Winter wheat,2483.697695,206.23,1468.478814,18.73646312
arable,arable_2008,Winter wheat,3116.599114,288.23,1818.008853,44.49619557
arable,arable_2009,Other,2511.866416,164,1517.149057,14.12319382
arable,arable_2010,Winter wheat,2252.597565,180.4,1337.07348,19.50661808
arable,arable_2011,Winter wheat,1841.240213,307.91,993.3694019,48.24819557
arable,arable_2012,Dry Bean,868.7280414,430.5,424.1048476,14.12319382
arable,arable_2013,Winter wheat,2547.455222,143.5,1550.293274,19.50661808
arable,arable_2014,Winter wheat,3049.990298,270.6,1799.048197,23.25861808
big.boxhedge,big.boxhedge_2008,Grass-clover mix,33.49539044,0,32.0414382,1.453952242
big.boxhedge,big.boxhedge_2009,Winter wheat,1737.813291,16.4,747.3929681,52.05916945
big.boxhedge,big.boxhedge_2010,Dry Bean,185.1183913,51.25,102.2198943,31.64849701
big.boxhedge,big.boxhedge_2011,Winter wheat,1766.165291,41,747.3929681,55.81116945
big.gomish,big.gomish_2005,Winter wheat,2389.648119,512.91,921.8217419,32.95522298
big.gomish,big.gomish_2006,Winter wheat,2117.756119,244.77,921.8217419,29.20322298
big.gomish,big.gomish_2007,Other,2025.886215,207.46,893.6035852,29.20322298
big.gomish,big.gomish_2008,Winter wheat,2093.318071,222.63,921.8217419,26.90517523
big.gomish,big.gomish_2009,Winter wheat,1968.054597,57.4,921.8217419,66.87170169
big.gomish,big.gomish_2010,Other,2146.426215,328,893.6035852,29.20322298
big.gomish,big.gomish_2011,Winter wheat,2435.605776,573.18,921.8217419,18.6428806
big.gomish,big.gomish_2012,Other,2321.631687,510.45,893.6035852,21.95869493
big.gomish,big.gomish_2013,Winter wheat,2234.965591,380.48,921.8217419,10.70269493
big.gomish,big.gomish_2014,Winter wheat,2238.171824,377.2,921.8217419,17.18892836
bilses.hill,bilses.hill_2009,Dry Bean,154.2790637,0,102.2198943,52.05916945
bilses.hill,bilses.hill_2010,Winter wheat,949.0552943,16.4,406.9008906,47.21266198
bilses.hill,bilses.hill_2011,Barley,706.3509621,0,315.6010784,48.30716945
bilses.hill,bilses.hill_2012,Barley,1413.251804,16.4,603.2896367,47.21266198
bilses.hill,bilses.hill_2013,Barley,595.6407588,83.23,237.0850289,55.81116945
bilses.hill,bilses.hill_2014,Barley,1331.749775,20.5,565.9808106,47.21266198
clay.hill,clay.hill_2004,Winter wheat,1608.285882,5.74,756.4822949,55.81116945
clay.hill,clay.hill_2005,Other legume,482.5253268,262.4,160.5621573,59.56316945
clay.hill,clay.hill_2006,Winter wheat,2013.952169,406.31,777.4305493,18.0077458
clay.hill,clay.hill_2007,Other,1527.284048,125.05,675.8575202,23.92993458
clay.hill,clay.hill_2008,Winter wheat,1786.524332,139.4,798.7132565,14.2557458
clay.hill,clay.hill_2009,Other,1750.997229,166.05,756.4822949,38.21251689
clay.hill,clay.hill_2010,Winter wheat,1964.553434,172.2,864.6618014,27.68193458
clay.hill,clay.hill_2011,Winter wheat,1887.37843,131.815,842.3192536,35.18593458
clay.hill,clay.hill_2012,Other,2104.344012,338.25,842.3192536,45.71651689
clay.hill,clay.hill_2013,Winter wheat,1720.499647,146.083,756.4822949,27.68193458
clay.hill,clay.hill_2014,Winter wheat,2204.652309,365.515,891.966098,20.81976568
common.green.end,common.green.end_2005,Winter wheat,1997.638332,195.16,820.9540082,59.56316945
common.green.end,common.green.end_2006,Other,1845.328027,122.18,795.8801233,31.64849701
common.green.end,common.green.end_2007,Winter wheat,2435.331097,657.23,820.9540082,35.18593458
common.green.end,common.green.end_2008,Winter wheat,2050.938332,248.46,820.9540082,59.56316945
common.green.end,common.green.end_2009,Other,1912.540699,165.23,795.8801233,55.81116945
common.green.end,common.green.end_2010,Winter wheat,1868.433094,115.62,820.9540082,9.897932366
common.green.end,common.green.end_2011,Winter wheat,1951.594332,156.62,820.9540082,52.05916945
common.green.end,common.green.end_2012,Other,1962.858474,257.07,795.8801233,14.28894438
common.green.end,common.green.end_2013,Winter wheat,2347.318106,582.61,820.9540082,21.79294438
common.green.end,common.green.end_2014,Winter wheat,2090.119047,332.1,820.9540082,15.10388461
grimoldbys,grimoldbys_2004,Winter wheat,2710.773445,226.32,1571.733795,12.70995224
grimoldbys,grimoldbys_2005,Barley,2356.684769,164,1388.445816,5.205952242
grimoldbys,grimoldbys_2006,Other,2829.002607,188.6,1648.515409,52.3648796
grimoldbys,grimoldbys_2007,Winter wheat,2765.895175,262.4,1571.733795,31.7516827
grimoldbys,grimoldbys_2008,Winter wheat,3209.687851,225.5,1868.674842,70.62370169
grimoldbys,grimoldbys_2009,Winter wheat,3139.624893,16.4,1967.560972,66.87170169
grimoldbys,grimoldbys_2010,Barley,2489.208221,246.82,1380.873811,66.87170169
grimoldbys,grimoldbys_2011,Other,2994.911049,147.6,1792.683192,44.8608796
grimoldbys,grimoldbys_2012,Winter wheat,2997.964477,295.2,1701.396729,35.5036827
grimoldbys,grimoldbys_2013,Other,3345.339444,229.6,1977.696054,44.8608796
grimoldbys,grimoldbys_2014,Winter wheat,3200.888822,213.2,1897.876958,31.7516827
little.great.close,little.great.close_2004,Barley,1448.971567,328,481.251667,55.81116945
little.great.close,little.great.close_2005,Other,2028.148907,98.4,865.5420728,10.53694438
little.great.close,little.great.close_2006,Winter wheat,1649.208718,110.7,684.4307686,6.7517458
little.great.close,little.great.close_2007,Winter wheat,2216.463699,205,907.1391506,6.7517458
little.great.close,little.great.close_2008,Other,2106.927414,198.85,853.2894535,14.28894438
little.great.close,little.great.close_2009,Winter wheat,1902.818323,226.525,724.8627473,55.81116945
little.great.close,little.great.close_2010,Winter wheat,2183.302621,16.4,971.8269535,31.64849701
little.great.close,little.great.close_2011,Other,2125.640548,209.1,857.362296,14.28894438
little.great.close,little.great.close_2012,Winter wheat,2133.09476,342.35,785.7281972,39.15249701
little.great.close,little.great.close_2013,Other,2132.917854,366.95,774.1221644,39.15249701
little.great.close,little.great.close_2014,Winter wheat,2321.859155,385.4,845.177552,59.56316945
maizys.laze,maizys.laze_2009,Barley,641.6314407,36.121,273.1109251,55.81116945
maizys.laze,maizys.laze_2010,Barley,933.4957943,0.8405,406.9008906,47.21266198
maizys.laze,maizys.laze_2011,Barley,1132.922038,1.6605,487.6075628,50.96466198
maizys.laze,maizys.laze_2012,Barley,1050.024118,0,452.963025,52.66498289
maizys.laze,maizys.laze_2013,Grass-clover mix,166.1006077,82,32.0414382,52.05916945
maizys.laze,maizys.laze_2014,Winter wheat,1499.80168,16.4,641.5463097,47.21266198
maizys.laze,maizys.laze_2015,Grass-clover mix,33.49539044,0,32.0414382,1.453952242
middle.diff.align,middle.diff.align_2005,Winter wheat,1901.257868,221.4,747.3929681,10.5037458
middle.diff.align,middle.diff.align_2006,Other,1703.445221,166.05,680.8093762,13.64993237
middle.diff.align,middle.diff.align_2007,Winter wheat,2087.759918,303.4,793.5168773,16.19839208
middle.diff.align,middle.diff.align_2008,Barley,930.9015673,63.55,376.9015682,55.81116945
middle.diff.align,middle.diff.align_2009,Other,1900.298028,176.3,766.4354859,13.64993237
middle.diff.align,middle.diff.align_2010,Winter wheat,1813.311528,246,673.5930286,59.56316945
middle.lodge,middle.lodge_2004,Winter wheat,2194.837326,4.92,994.0349543,10.5037458
middle.lodge,middle.lodge_2005,Other,1806.991066,127.1,747.3929681,10.53694438
middle.lodge,middle.lodge_2006,Winter wheat,1612.900104,98.4,673.5930286,6.7517458
middle.lodge,middle.lodge_2007,Winter wheat,2124.666487,94.3,907.1391506,25.65453397
middle.lodge,middle.lodge_2008,Other,2134.400907,200.9,865.5420728,14.28894438
middle.lodge,middle.lodge_2009,Winter wheat,1859.744573,246,710.0317968,25.65453397
middle.lodge,middle.lodge_2010,Winter wheat,2095.960519,16.4,928.3877634,31.64849701
middle.lodge,middle.lodge_2011,Other,2224.600907,291.1,865.5420728,14.28894438
middle.lodge,middle.lodge_2012,Winter wheat,1879.392536,252.15,710.0317968,39.15249701
middle.lodge,middle.lodge_2013,Other,2004.442536,377.2,710.0317968,39.15249701
middle.lodge,middle.lodge_2014,Winter wheat,2530.42475,295.2,994.0349543,55.81116945
pink.cottage.close,pink.cottage.close_2005,Winter wheat,2013.223433,205.82,785.7281972,55.81116945
pink.cottage.close,pink.cottage.close_2006,Other,2027.056054,340.3,747.3929681,17.40193237
pink.cottage.close,pink.cottage.close_2007,Winter wheat,2017.298488,287,766.4354859,19.95039208
pink.cottage.close,pink.cottage.close_2008,Winter wheat,2078.562355,139.4,865.5420728,19.95039208
pink.cottage.close,pink.cottage.close_2009,Other,2192.752028,461.25,766.4354859,21.15393237
pink.cottage.close,pink.cottage.close_2010,Winter wheat,2080.13351,533,662.8338849,63.31516945
pink.cottage.close,pink.cottage.close_2011,Winter wheat,2259.442655,487.9,785.7281972,19.95039208
pink.cottage.close,pink.cottage.close_2012,Other,1871.572055,172.2,754.9803865,13.64993237
pink.cottage.close,pink.cottage.close_2013,Winter wheat,1997.32101,345.015,728.5939196,23.70239208
pink.cottage.close,pink.cottage.close_2014,Winter wheat,2414.681355,468.015,865.5420728,27.45439208
rookery.one.and.two,rookery.one.and.two_2006,Winter wheat,1893.042778,159.9,961.342049,25.45122298
rookery.one.and.two,rookery.one.and.two_2007,Other legume,490.467179,164,255.8434773,70.62370169
rookery.one.and.two,rookery.one.and.two_2008,Other root crops,1210.722149,65.6,627.9653265,78.12770169
rookery.one.and.two,rookery.one.and.two_2009,Winter wheat,1742.399943,16.4,934.730192,66.87170169
rookery.one.and.two,rookery.one.and.two_2010,Other,2150.138746,114.8,1131.829282,25.45122298
rookery.one.and.two,rookery.one.and.two_2011,Winter wheat,2248.190746,209.1,1131.829282,29.20322298
rookery.one.and.two,rookery.one.and.two_2012,Winter wheat,2020.430751,143.5,1016.054632,70.62370169
rookery.one.and.two,rookery.one.and.two_2013,Other root crops,1248.183376,164,627.9653265,17.18892836
slade,slade_2004,Winter wheat,1784.760358,167.444,777.4305493,27.68193458
slade,slade_2005,Winter wheat,2444.633795,299.3,1032.100735,59.56316945
slade,slade_2006,Other legume,490.7253268,270.6,160.5621573,59.56316945
slade,slade_2007,Winter wheat,2144.905085,455.1,798.7132565,56.93649922
slade,slade_2008,Winter wheat,1956.185756,256.25,798.7132565,67.06716945
slade,slade_2009,Other legume,294.0659031,123,160.5621573,10.5037458
slade,slade_2010,Winter wheat,1779.798521,123,798.7132565,23.92993458
slade,slade_2011,Winter wheat,1885.527245,106.6,864.6618014,14.2557458
slade,slade_2012,Other,1741.390458,180.4,756.4822949,14.2557458
slade,slade_2013,Winter wheat,1846.702478,282.9,756.4822949,17.06776568
slade,slade_2014,Winter wheat,2604.32822,398.356,1083.827652,24.57176568
stones,stones_2004,Other,2877.475674,157.85,1701.396729,52.3648796
stones,stones_2005,Winter wheat,2602.33569,181.22,1530.347496,12.70995224
stones,stones_2006,Other legume,543.1581404,86.1,386.4344387,70.62370169
stones,stones_2007,Spring wheat,2149.999751,190.65,1228.903475,27.9996827
stones,stones_2008,Other,2838.873674,123,1701.396729,48.6128796
stones,stones_2009,Winter wheat,2614.329439,135.3,1530.347496,70.62370169
stones,stones_2010,Other,2833.870617,373.1,1530.347496,52.3648796
stones,stones_2011,Winter wheat,2748.13355,180.4,1614.020713,31.7516827
stones,stones_2012,Winter wheat,3382.625072,295.2,1937.428024,74.37570169
stones,stones_2013,Other,3164.51025,106.6,1937.428024,44.8608796
stones,stones_2014,Winter wheat,2912.212477,213.2,1701.396729,31.7516827
